{
    "loss": 0.4392067492008209,
    "accuracy": 0.7847757339477539
}