{
    "loss": 1.798511028289795,
    "accuracy": 0.6714997887611389
}